{"10":[1.2272,0.13920000000000002,0.0017000000000000001,0.002,0.0017000000000000001,0.0017000000000000001,0.0015,0.002,0.0015,0.0017000000000000001,0.0015,0.0015,0.0017000000000000001,0.0017000000000000001,0.0015,0.0017000000000000001,0.0017000000000000001,0.0015,0.0017000000000000001,0.0015,0.0015,0.0017000000000000001,0.0017000000000000001,0.0017000000000000001,0.0017000000000000001,0.0015,0.0017000000000000001,0.0015,0.0012000000000000001,0.0023,0.0015,0.0017000000000000001,0.0015,0.0017000000000000001,0.0015,0.0017000000000000001,0.0015,0.0017000000000000001,0.0017000000000000001,0.0015,0.0015,0.0017000000000000001,0.0015,0.002,0.0015,0.0015,0.0015,0.0017000000000000001,0.0017000000000000001,0.0017000000000000001,0.0017000000000000001,0.0015,0.0017000000000000001,0.0015,0.0015,0.0015,0.002,0.0015,0.0017000000000000001,0.0015,0.0017000000000000001,0.0017000000000000001,0.0017000000000000001,0.0017000000000000001,0.0015,0.0015,0.002,0.0015,0.0015,0.0015,0.0023,0.0017000000000000001,0.0015,0.0017000000000000001,0.0015,0.0015,0.0017000000000000001,0.0017000000000000001,0.0017000000000000001,0.0015,0.0015,0.0017000000000000001,0.0017000000000000001,0.0017000000000000001,0.0015,0.0023,0.0015,0.0015,0.0017000000000000001,0.0015,0.0012000000000000001,0.0015,0.0015,0.0017000000000000001,0.0015,0.002,0.0015,0.0017000000000000001,0.0015,0.0017000000000000001],"100":[1.7016,0.0053,0.0023,0.002,0.002,0.002,0.002,0.002,0.0017000000000000001,0.002,0.0017000000000000001,0.002,0.002,0.002,0.002,0.002,0.002,0.0017000000000000001,0.002,0.002,0.002,0.002,0.002,0.002,0.002,0.002,0.002,0.0025,0.0023,0.002,0.002,0.002,0.002,0.002,0.0017000000000000001,0.002,0.002,0.002,0.002,0.0017000000000000001,0.002,0.002,0.002,0.002,0.0025,0.0017000000000000001,0.002,0.002,0.002,0.002,0.0017000000000000001,0.002,0.002,0.002,0.002,0.0017000000000000001,0.002,0.0017000000000000001,0.002,0.0017000000000000001,0.0023,0.002,0.002,0.002,0.002,0.002,0.002,0.002,0.002,0.0023,0.002,0.002,0.002,0.002,0.0017000000000000001,0.0023,0.0023,0.002,0.002,0.002,0.002,0.002,0.0017000000000000001,0.0017000000000000001,0.002,0.002,0.0017000000000000001,0.002,0.0017000000000000001,0.0017000000000000001,0.0028,0.002,0.002,0.002,0.002,0.002,0.002,0.002,0.002,0.002],"500":[0.049600000000000005,0.0023,0.0023,0.002,0.0025,0.002,0.002,0.0025,0.0017000000000000001,0.0023,0.0025,0.002,0.0025,0.002,0.002,0.0023,0.002,0.002,0.002,0.002,0.002,0.002,0.0023,0.002,0.0023,0.002,0.0023,0.002,0.0025,0.0023,0.002,0.002,0.0023,0.0025,0.002,0.002,0.0023,0.002,0.0023,0.002,0.0023,0.002,0.002,0.002,0.0023,0.002,0.002,0.0023,0.0017000000000000001,0.0017000000000000001,0.002,0.0023,0.002,0.0023,0.002,0.002,0.002,0.002,0.002,0.0023,0.002,0.002,0.002,0.0023,0.002,0.0023,0.002,0.0023,0.002,0.002,0.002,0.002,0.002,0.002,0.002,0.0017000000000000001,0.002,0.002,0.002,0.0023,0.0025,0.002,0.002,0.002,0.002,0.0023,0.0023,0.0023,0.0023,0.0023,0.002,0.0023,0.002,0.0023,0.002,0.0023,0.0023,0.0017000000000000001,0.002,0.0023],"1000":[0.053500000000000006,0.0023,0.002,0.002,0.002,0.002,0.0023,0.002,0.0025,0.0023,0.0023,0.0017000000000000001,0.002,0.0017000000000000001,0.0023,0.002,0.002,0.002,0.0017000000000000001,0.002,0.002,0.002,0.002,0.002,0.002,0.002,0.002,0.002,0.0023,0.0023,0.0023,0.002,0.002,0.0025,0.0023,0.002,0.002,0.002,0.002,0.0023,0.002,0.002,0.002,0.002,0.002,0.0023,0.002,0.002,0.0023,0.002,0.0023,0.0017000000000000001,0.002,0.002,0.002,0.002,0.002,0.002,0.0023,0.0023,0.002,0.002,0.0023,0.002,0.0023,0.002,0.002,0.002,0.0017000000000000001,0.0017000000000000001,0.002,0.0023,0.002,0.002,0.002,0.0025,0.0023,0.002,0.002,0.0023,0.002,0.002,0.002,0.0017000000000000001,0.0017000000000000001,0.002,0.002,0.0017000000000000001,0.0023,0.0023,0.0023,0.002,0.002,0.002,0.002,0.002,0.002,0.002,0.0023,0.002],"5000":[0.0747,0.0023,0.0023,0.002,0.0025,0.002,0.002,0.002,0.002,0.002,0.002,0.002,0.0023,0.002,0.0023,0.002,0.002,0.002,0.0023,0.002,0.002,0.002,0.002,0.002,0.002,0.002,0.0028,0.002,0.002,0.0023,0.0023,0.0023,0.002,0.0023,0.002,0.002,0.0023,0.002,0.002,0.0025,0.002,0.0023,0.002,0.0017000000000000001,0.0023,0.0017000000000000001,0.0023,0.002,0.002,0.002,0.0023,0.002,0.002,0.0025,0.002,0.002,0.002,0.002,0.0023,0.002,0.002,0.002,0.0017000000000000001,0.002,0.002,0.0023,0.002,0.002,0.0025,0.0023,0.0025,0.0025,0.0023,0.002,0.002,0.002,0.002,0.002,0.002,0.002,0.002,0.0025,0.002,0.0023,0.002,0.002,0.002,0.002,0.002,0.002,0.002,0.002,0.002,0.002,0.0023,0.002,0.0025,0.002,0.0023,0.002],"10000":[0.0785,0.0023,0.0023,0.0028,0.0023,0.0023,0.0023,0.0023,0.0023,0.0023,0.002,0.0023,0.0023,0.002,0.0023,0.002,0.0023,0.0023,0.0023,0.002,0.002,0.0023,0.0023,0.0023,0.0025,0.002,0.0023,0.002,0.0023,0.0023,0.0023,0.0023,0.002,0.0023,0.0023,0.0023,0.0023,0.0023,0.0023,0.0023,0.0028,0.0025,0.002,0.0023,0.0023,0.0023,0.002,0.0023,0.002,0.002,0.002,0.002,0.0025,0.0023,0.0023,0.0023,0.002,0.0023,0.0023,0.0023,0.0023,0.0023,0.002,0.0023,0.0025,0.002,0.0023,0.0023,0.0023,0.0023,0.0023,0.0025,0.002,0.0023,0.0023,0.0023,0.002,0.0023,0.002,0.0023,0.0023,0.0023,0.0023,0.0023,0.0023,0.0023,0.002,0.0023,0.002,0.0023,0.002,0.002,0.0023,0.002,0.0023,0.0023,0.0023,0.0023,0.002,0.002],"25000":[0.09390000000000001,0.0023,0.0023,0.0028,0.002,0.0023,0.0023,0.002,0.002,0.0023,0.0023,0.0023,0.002,0.0053,0.0023,0.002,0.0023,0.002,0.0023,0.002,0.0023,0.002,0.002,0.002,0.0023,0.002,0.0023,0.002,0.002,0.002,0.0023,0.0025,0.0023,0.002,0.0023,0.0023,0.0023,0.0023,0.002,0.0023,0.002,0.002,0.002,0.0023,0.002,0.0023,0.002,0.002,0.002,0.002,0.002,0.002,0.0023,0.0023,0.002,0.0023,0.0025,0.0023,0.002,0.002,0.002,0.002,0.002,0.002,0.002,0.002,0.0017000000000000001,0.002,0.0023,0.0023,0.0025,0.0023,0.0023,0.0023,0.002,0.002,0.002,0.0023,0.002,0.0025,0.0023,0.002,0.0023,0.002,0.002,0.002,0.0028,0.002,0.002,0.002,0.0023,0.002,0.0023,0.0023,0.0023,0.0023,0.002,0.002,0.0023,0.002],"50000":[0.13920000000000002,0.0033,0.0023,0.0025,0.0023,0.0025,0.0025,0.0028,0.0023,0.0023,0.0025,0.0023,0.0025,0.0028,0.002,0.0025,0.0025,0.0023,0.002,0.0023,0.0023,0.0025,0.0023,0.0025,0.0023,0.0023,0.003,0.0023,0.002,0.0023,0.002,0.002,0.002,0.002,0.0023,0.0023,0.0023,0.0023,0.0025,0.0023,0.0023,0.0023,0.0023,0.0023,0.0023,0.0023,0.0023,0.0023,0.0023,0.0023,0.0023,0.0023,0.0023,0.0023,0.0023,0.0023,0.0023,0.0028,0.0025,0.0023,0.0023,0.0023,0.0023,0.0023,0.0023,0.0023,0.0023,0.0023,0.0023,0.0025,0.0025,0.0025,0.0023,0.0023,0.0025,0.0023,0.0025,0.0023,0.0023,0.002,0.0023,0.0023,0.0023,0.0025,0.0023,0.0023,0.0023,0.0025,0.0023,0.0025,0.0025,0.0023,0.0023,0.0023,0.0023,0.0023,0.0025,0.0023,0.0023,0.0023],"75000":[0.1361,0.0025,0.0025,0.003,0.0025,0.0023,0.0023,0.0025,0.0023,0.0023,0.0023,0.0023,0.0028,0.0023,0.0023,0.0023,0.0023,0.0023,0.0023,0.0023,0.0025,0.0025,0.0023,0.0023,0.002,0.0023,0.0023,0.002,0.0023,0.0023,0.0023,0.0025,0.0023,0.0025,0.0025,0.0023,0.002,0.0023,0.0025,0.0025,0.0025,0.0025,0.0023,0.0023,0.0025,0.0023,0.0025,0.0023,0.0023,0.0025,0.0023,0.0025,0.0028,0.0023,0.0023,0.002,0.002,0.002,0.002,0.002,0.002,0.0023,0.0023,0.0028,0.0023,0.0023,0.0023,0.0023,0.0023,0.0023,0.0023,0.0025,0.0025,0.0025,0.0023,0.0028,0.0028,0.0025,0.0023,0.0023,0.0023,0.0025,0.0025,0.0025,0.0023,0.0023,0.0023,0.0023,0.0025,0.0025,0.0023,0.0023,0.0028,0.0023,0.002,0.0028,0.0025,0.0023,0.0023,0.0023],"100000":[0.1638,0.003,0.0023,0.003,0.0025,0.0023,0.0025,0.0025,0.0025,0.0025,0.0028,0.0023,0.0023,0.0025,0.0025,0.0023,0.0023,0.0023,0.0025,0.0023,0.0023,0.0023,0.0025,0.0025,0.0025,0.0023,0.0023,0.0023,0.0023,0.0023,0.0025,0.0023,0.0025,0.0023,0.0023,0.0023,0.0023,0.0025,0.0023,0.0023,0.003,0.0023,0.0025,0.0023,0.0023,0.0023,0.0023,0.0023,0.0023,0.002,0.0023,0.0023,0.0023,0.0025,0.0023,0.0025,0.0023,0.0023,0.0025,0.0023,0.0023,0.0025,0.0025,0.0023,0.0023,0.0023,0.0023,0.0023,0.0023,0.0023,0.0023,0.0023,0.003,0.0028,0.0023,0.0025,0.0023,0.0056,0.0023,0.0023,0.0025,0.0028,0.0023,0.0025,0.0025,0.0028,0.0023,0.0025,0.0025,0.0025,0.0023,0.0023,0.0023,0.0023,0.0023,0.0023,0.0028,0.0023,0.0025,0.0025],