{"10":[1.7567499999999998,0.7535000000000001,0.131,0.11549999999999999,0.10875,0.10974999999999999,0.11149999999999999,0.105,0.11825,0.11574999999999999,0.0975,0.09425,0.09675,0.11025000000000001,0.1165,0.10825,0.1025,0.11925,0.1335,0.11525,0.1105,0.11125,0.10775000000000001,0.11425,0.10950000000000001,0.10275000000000001,0.10925,0.11024999999999999,0.105,0.10475,0.10075,0.09875,0.10875000000000001,0.12475,0.11599999999999999,0.09725,0.091,0.10275000000000001,0.116,0.10975,0.10525,0.10775,0.10450000000000001,0.09975,0.09874999999999999,0.09775,0.10075,0.10325000000000001,0.09975,0.09675,0.0965,0.09725,0.096,0.10775,0.11674999999999999,0.10775,0.1015,0.09875,0.11275,0.122,0.10800000000000001,0.09575,0.0935,0.1045,0.10624999999999998,0.0945,0.091,0.08925,0.10450000000000001,0.12175,0.11699999999999999,0.11449999999999999,0.11,0.11374999999999999,0.119,0.11175000000000002,0.10575000000000001,0.101,0.10250000000000001,0.1015,0.09675,0.0995,0.1095,0.10600000000000001,0.09325,0.08875,0.0885,0.08725,0.08424999999999999,0.09849999999999999,0.11149999999999999,0.107,0.10124999999999999,0.09874999999999999,0.10874999999999999,0.1185,0.10975,0.09925,0.09775,0.0975],"100":[2.06275,0.1685,0.13375,0.11625,0.09625,0.0945,0.09875,0.09625,0.10625,0.11449999999999999,0.10525,0.10125,0.099,0.09875,0.10625,0.11199999999999999,0.10350000000000001,0.0935,0.09325,0.113,0.12125,0.10875,0.10325000000000001,0.10025,0.09925,0.09775,0.09625,0.10525000000000001,0.12275,0.127,0.12075,0.11274999999999999,0.10475,0.111,0.11725000000000001,0.11200000000000002,0.10525000000000001,0.10875000000000001,0.10650000000000001,0.10650000000000001,0.1155,0.10500000000000001,0.09325,0.08925,0.08825,0.08775,0.08575,0.10325000000000001,0.11249999999999999,0.10225000000000001,0.1385,0.14450000000000002,0.1305,0.1325,0.124,0.1235,0.11075,0.10825,0.10500000000000001,0.11775000000000001,0.125,0.11175,0.10525000000000001,0.10075,0.09875,0.1,0.098,0.0905,0.091,0.0905,0.0865,0.09075,0.09175,0.091,0.09525,0.10725,0.11174999999999999,0.10275000000000001,0.09925,0.0995,0.09925,0.10125,0.11175000000000002,0.11475,0.1065,0.10074999999999999,0.09874999999999999,0.0975,0.101,0.10225,0.0985,0.0985,0.1065,0.10700000000000001,0.1105,0.1215,0.11125,0.09925,0.09825,0.1615],"500":[7.324999999999999,0.17225000000000001,0.1385,0.13425,0.132,0.12725,0.20049999999999998,0.20875,0.12225,0.10850000000000001,0.10350000000000001,0.10075,0.10125,0.10375000000000001,0.11725,0.12674999999999997,0.11225,0.09675,0.09225,0.09325,0.10925,0.11524999999999999,0.10125,0.09325,0.089,0.08725,0.09475,0.10125,0.10950000000000001,0.127,0.1215,0.10525,0.101,0.10725000000000001,0.1125,0.10500000000000001,0.09925,0.0975,0.10075,0.10025,0.09675,0.10225000000000001,0.10325000000000001,0.0985,0.09675,0.09675,0.1095,0.1195,0.10774999999999998,0.098,0.0975,0.097,0.096,0.09875,0.10125,0.0995,0.09775,0.09675,0.10925,0.1175,0.11649999999999999,0.11625,0.10425000000000001,0.09325,0.09375,0.1115,0.12675,0.12175,0.111,0.10300000000000001,0.10175000000000001,0.10099999999999999,0.10425,0.10250000000000001,0.09375,0.09025,0.0875,0.0865,0.08625000000000001,0.08625000000000001,0.10200000000000001,0.11374999999999999,0.1065,0.10175000000000001,0.113,0.11674999999999999,0.1055,0.11449999999999999,0.12675,0.124,0.117,0.1195,0.118,0.10275000000000001,0.106,0.11499999999999999,0.11,0.10450000000000001,0.1115,0.13924999999999998],"1000":[9.828999999999999,0.18525,0.121,0.11025,0.107,0.10425000000000001,0.10250000000000001,0.10025,0.0995,0.099,0.0995,0.09925,0.11599999999999999,0.12,0.10600000000000001,0.10225000000000001,0.09875,0.09675,0.09775,0.0985,0.096,0.0955,0.09525,0.09525,0.095,0.09475,0.10775000000000001,0.1325,0.1365,0.114,0.097,0.092,0.09625,0.11125,0.11875,0.11624999999999999,0.10875,0.101,0.10600000000000001,0.12225,0.11524999999999999,0.10925,0.113,0.10525000000000001,0.10325000000000001,0.10024999999999999,0.09849999999999999,0.10925,0.10875000000000001,0.09475,0.1105,0.2555,0.273,0.14925,0.12824999999999998,0.14575,0.15075,0.11875,0.10775,0.12675,0.1265,0.129,0.13025,0.11274999999999999,0.10849999999999999,0.10275,0.11424999999999999,0.122,0.11125,0.10275000000000001,0.09875,0.10925,0.12025,0.11825,0.11725,0.11674999999999999,0.11174999999999999,0.105,0.1035,0.11099999999999999,0.1115,0.10425000000000001,0.11925,0.12725,0.1205,0.1185,0.11125,0.14375,0.14250000000000002,0.11225000000000002,0.11450000000000002,0.10650000000000001,0.10200000000000001,0.099,0.09825,0.10875,0.1155,0.121,0.12025,0.10750000000000001],"5000":[32.498,0.1935,0.13774999999999998,0.14975,0.14500000000000002,0.13,0.1245,0.11399999999999999,0.13799999999999998,0.13649999999999998,0.106,0.10650000000000001,0.10725000000000001,0.10675,0.10275000000000001,0.101,0.09925,0.09775,0.0975,0.0985,0.09975,0.09875,0.10825000000000001,0.1135,0.10475000000000001,0.10075,0.10200000000000001,0.11299999999999999,0.11449999999999999,0.1045,0.09725,0.0915,0.0945,0.09849999999999999,0.11174999999999999,0.1175,0.107,0.10675,0.10625,0.1015,0.10275000000000001,0.10575,0.10425,0.10025,0.0995,0.09975,0.098,0.097,0.10975000000000001,0.1205,0.11299999999999999,0.10175000000000001,0.09575,0.09225,0.08775,0.08625,0.08675,0.0865,0.1005,0.11575,0.10800000000000001,0.107,0.1065,0.10250000000000001,0.11624999999999999,0.1245,0.11674999999999999,0.10725,0.1015,0.11000000000000001,0.1205,0.12824999999999998,0.13574999999999998,0.15525,0.154,0.13849999999999998,0.14450000000000002,0.13825,0.1275,0.123,0.1585,0.183,0.15275,0.1285,0.128,0.121,0.10675000000000001,0.10300000000000001,0.101,0.11075,0.1185,0.11275,0.11475,0.10974999999999999,0.0975,0.09275,0.10425000000000001,0.11475,0.10600000000000001,0.10325000000000001],"10000":[88.44025,0.18675,0.115,0.109,0.107,0.10375000000000001,0.10025,0.09975,0.101,0.10025,0.0985,0.0975,0.09725,0.1,0.10175000000000001,0.099,0.09675,0.0965,0.09775,0.098,0.0965,0.0965,0.1095,0.11075,0.09575,0.09025,0.09075,0.09,0.0865,0.08600000000000001,0.08800000000000001,0.08800000000000001,0.08575,0.08499999999999999,0.0865,0.08725,0.0855,0.08449999999999999,0.08324999999999999,0.099,0.10375000000000001,0.08925,0.09525,0.20174999999999998,0.1955,0.0905,0.10699999999999998,0.131,0.131,0.12449999999999999,0.12175,0.11400000000000002,0.11625,0.11474999999999999,0.10375000000000001,0.10675000000000001,0.12175,0.131,0.119,0.10625000000000001,0.11200000000000002,0.11375,0.10575,0.103,0.1015,0.099,0.108,0.11049999999999999,0.10025,0.09625,0.0945,0.097,0.09975,0.09775,0.096,0.096,0.095,0.094,0.094,0.09575,0.09825,0.097,0.09475,0.11,0.1305,0.11574999999999999,0.09525,0.09425,0.094,0.09375,0.09375,0.10575,0.1075,0.095,0.09025,0.087,0.08600000000000001,0.08575,0.08499999999999999,0.08449999999999999],"25000":[128.71249999999998,0.21475,0.14150000000000001,0.10849999999999999,0.103,0.1195,0.13175,0.126,0.13724999999999998,0.1355,0.1115,0.09825,0.09175,0.08825,0.08825,0.08725,0.0855,0.08525,0.08525,0.084,0.10300000000000001,0.12025,0.11149999999999999,0.10350000000000001,0.10250000000000001,0.10175000000000001,0.0995,0.098,0.10725,0.10875,0.099,0.09775,0.09725,0.097,0.096,0.09525,0.10475000000000001,0.10475000000000001,0.093,0.08925,0.08675,0.08575,0.08600000000000001,0.08499999999999999,0.104,0.1175,0.10675,0.10049999999999999,0.10725,0.11525,0.10925,0.10275000000000001,0.0995,0.09775,0.0965,0.1015,0.10725,0.10725,0.10175000000000001,0.1005,0.1,0.09475,0.095,0.095,0.09575,0.09625,0.09525,0.09475,0.0955,0.09475,0.09325,0.09375,0.10675000000000001,0.11200000000000002,0.10925,0.118,0.14,0.13275,0.108,0.10725,0.10200000000000001,0.098,0.09725,0.096,0.097,0.097,0.097,0.097,0.0955,0.0945,0.09475,0.09525,0.097,0.098,0.0965,0.09525,0.09525,0.0955,0.0945,0.094],