{"10":[2.137,0.16970000000000002,0.0268,0.0296,0.027100000000000003,0.0268,0.026600000000000002,0.0488,0.029900000000000003,0.0268,0.0302,0.027100000000000003,0.0261,0.0261,0.027600000000000003,0.043500000000000004,0.028900000000000002,0.0258,0.0263,0.0279,0.027600000000000003,0.0268,0.0268,0.027600000000000003,0.0291,0.0291,0.0268,0.027100000000000003,0.0268,0.0268,0.0268,0.027100000000000003,0.0261,0.0458,0.029400000000000003,0.027100000000000003,0.0268,0.0268,0.0268,0.0268,0.0268,0.0296,0.0296,0.0263,0.027600000000000003,0.0268,0.0263,0.0268,0.0279,0.0268,0.028900000000000002,0.0281,0.0322,0.0268,0.0268,0.0268,0.0263,0.0263,0.0284,0.0284,0.027600000000000003,0.026600000000000002,0.0268,0.026600000000000002,0.0263,0.0296,0.0279,0.053500000000000006,0.0291,0.0268,0.0268,0.026600000000000002,0.026600000000000002,0.0268,0.027600000000000003,0.031900000000000005,0.0279,0.0261,0.0279,0.026600000000000002,0.0296,0.026600000000000002,0.0268,0.026600000000000002,0.027600000000000003,0.028900000000000002,0.0279,0.0268,0.0268,0.0273,0.0263,0.0263,0.0279,0.0279,0.038900000000000004,0.0268,0.0268,0.0273,0.027100000000000003,0.0279],"100":[1.7633,0.0983,0.0752,0.0716,0.0916,0.0742,0.0721,0.0755,0.075,0.0724,0.0916,0.0734,0.0721,0.0757,0.07440000000000001,0.0721,0.07440000000000001,0.07390000000000001,0.0732,0.07440000000000001,0.0796,0.0721,0.09190000000000001,0.0737,0.0727,0.1041,0.0752,0.07930000000000001,0.0719,0.0724,0.0765,0.0727,0.0724,0.0752,0.0734,0.07440000000000001,0.07440000000000001,0.0724,0.0742,0.07440000000000001,0.0714,0.0742,0.0775,0.0716,0.0737,0.1008,0.0724,0.07390000000000001,0.07390000000000001,0.0727,0.07390000000000001,0.0737,0.0719,0.075,0.0737,0.0727,0.0785,0.0719,0.076,0.0757,0.0765,0.0742,0.0762,0.0747,0.0765,0.0724,0.0742,0.07830000000000001,0.0727,0.0995,0.0737,0.0721,0.0755,0.0742,0.076,0.0737,0.0732,0.0729,0.075,0.0762,0.07010000000000001,0.0737,0.07440000000000001,0.0727,0.076,0.07390000000000001,0.0716,0.075,0.07780000000000001,0.07010000000000001,0.0755,0.0747,0.0724,0.11280000000000001,0.07780000000000001,0.07390000000000001,0.0757,0.07390000000000001,0.0755,0.0737],"500":[0.0785,0.0762,0.075,0.0727,0.09190000000000001,0.0737,0.0716,0.07390000000000001,0.0767,0.07390000000000001,0.0742,0.0752,0.0719,0.075,0.07390000000000001,0.0724,0.09720000000000001,0.0721,0.07060000000000001,0.07440000000000001,0.078,0.0711,0.0719,0.0727,0.0724,0.0734,0.0732,0.0734,0.075,0.07390000000000001,0.0721,0.0742,0.07390000000000001,0.0719,0.0734,0.0734,0.0716,0.07440000000000001,0.07390000000000001,0.0721,0.0975,0.0732,0.0724,0.0737,0.0734,0.0721,0.0737,0.0737,0.0716,0.0737,0.0734,0.0716,0.07390000000000001,0.0734,0.0714,0.0724,0.0727,0.0724,0.0732,0.0732,0.0714,0.0724,0.0742,0.0734,0.0998,0.0734,0.0716,0.0734,0.0732,0.09390000000000001,0.0734,0.07390000000000001,0.07060000000000001,0.0734,0.0729,0.0721,0.0742,0.0734,0.0724,0.0737,0.0732,0.0719,0.0727,0.0732,0.0721,0.07390000000000001,0.07730000000000001,0.0698,0.14100000000000001,0.0734,0.0719,0.0721,0.0732,0.0714,0.0755,0.0727,0.0716,0.0721,0.0734,0.0721],"1000":[0.0821,0.08310000000000001,0.07830000000000001,0.0801,0.15380000000000002,0.0816,0.0826,0.1326,0.0801,0.0824,0.0801,0.0806,0.07880000000000001,0.0814,0.0801,0.0801,0.078,0.0801,0.0796,0.0801,0.07930000000000001,0.0806,0.07930000000000001,0.07830000000000001,0.08030000000000001,0.07980000000000001,0.07980000000000001,0.07830000000000001,0.0801,0.11720000000000001,0.08030000000000001,0.07830000000000001,0.07930000000000001,0.0829,0.07730000000000001,0.08420000000000001,0.0816,0.0811,0.07830000000000001,0.0801,0.08310000000000001,0.0819,0.0816,0.08080000000000001,0.08080000000000001,0.077,0.0806,0.0811,0.07980000000000001,0.0785,0.07930000000000001,0.1259,0.0801,0.07980000000000001,0.0819,0.0806,0.078,0.0801,0.0806,0.0801,0.0816,0.08080000000000001,0.08080000000000001,0.07830000000000001,0.0801,0.0796,0.08030000000000001,0.0911,0.0821,0.0796,0.08080000000000001,0.078,0.08030000000000001,0.1295,0.0785,0.0775,0.0806,0.0801,0.1228,0.0796,0.08080000000000001,0.08030000000000001,0.0816,0.0791,0.0801,0.08030000000000001,0.0806,0.08030000000000001,0.0801,0.07930000000000001,0.08030000000000001,0.07980000000000001,0.0839,0.0785,0.0796,0.1326,0.07930000000000001,0.0801,0.0806,0.0801],"5000":[0.11,0.11030000000000001,0.1111,0.1034,0.1041,0.1057,0.1057,0.1029,0.1041,0.1047,0.1034,0.10310000000000001,0.18480000000000002,0.1315,0.1418,0.12440000000000001,0.1044,0.1039,0.1023,0.1029,0.1023,0.1044,0.1039,0.10360000000000001,0.1034,0.10260000000000001,0.1041,0.10310000000000001,0.10490000000000001,0.10980000000000001,0.1579,0.10930000000000001,0.1047,0.1044,0.1029,0.1075,0.1039,0.1034,0.1039,0.10640000000000001,0.10360000000000001,0.1039,0.1072,0.1029,0.10980000000000001,0.1361,0.10490000000000001,0.1044,0.1638,0.1039,0.11130000000000001,0.1082,0.1034,0.1052,0.1041,0.1039,0.1039,0.10700000000000001,0.10490000000000001,0.1052,0.1039,0.1039,0.10490000000000001,0.1067,0.1044,0.10490000000000001,0.1466,0.11180000000000001,0.109,0.10360000000000001,0.10310000000000001,0.10490000000000001,0.1044,0.1441,0.10160000000000001,0.1057,0.14020000000000002,0.1047,0.10590000000000001,0.1052,0.108,0.1057,0.1041,0.10310000000000001,0.16790000000000002,0.1039,0.1047,0.1023,0.1041,0.10260000000000001,0.1034,0.10310000000000001,0.1044,0.1041,0.1047,0.1039,0.1041,0.1041,0.1116,0.1041],"10000":[0.12000000000000001,0.1154,0.10640000000000001,0.10310000000000001,0.1057,0.1041,0.1047,0.1433,0.1047,0.10540000000000001,0.1041,0.10360000000000001,0.10210000000000001,0.1039,0.1034,0.1044,0.1041,0.10360000000000001,0.1326,0.10490000000000001,0.109,0.1057,0.1044,0.1039,0.10490000000000001,0.1666,0.10260000000000001,0.1023,0.10260000000000001,0.1047,0.1067,0.1044,0.10700000000000001,0.10310000000000001,0.1047,0.10360000000000001,0.1034,0.10360000000000001,0.10360000000000001,0.1047,0.1077,0.1041,0.1041,0.15660000000000002,0.10540000000000001,0.1034,0.1047,0.10490000000000001,0.1044,0.1029,0.1047,0.10210000000000001,0.1023,0.1057,0.109,0.1041,0.1023,0.10360000000000001,0.1039,0.1041,0.1044,0.1438,0.1039,0.10360000000000001,0.1041,0.1023,0.10310000000000001,0.10490000000000001,0.1052,0.1072,0.10590000000000001,0.10490000000000001,0.1047,0.10210000000000001,0.1013,0.10490000000000001,0.1082,0.1044,0.1034,0.1443,0.1134,0.10490000000000001,0.1047,0.10640000000000001,0.10490000000000001,0.1052,0.1047,0.1047,0.1044,0.10700000000000001,0.1034,0.10210000000000001,0.10310000000000001,0.10310000000000001,0.1044,0.1039,0.1039,0.15560000000000002,0.1034,0.10360000000000001],"25000":[0.14,0.1072,0.1057,0.10490000000000001,0.11180000000000001,0.1062,0.11030000000000001,0.1062,0.1052,0.1623,0.1067,0.10590000000000001,0.10640000000000001,0.10540000000000001,0.10540000000000001,0.10700000000000001,0.10590000000000001,0.10640000000000001,0.1121,0.1072,0.1041,0.10640000000000001,0.11080000000000001,0.1062,0.10700000000000001,0.10540000000000001,0.14250000000000002,0.1057,0.1057,0.10540000000000001,0.10590000000000001,0.10540000000000001,0.10490000000000001,0.1062,0.1057,0.1062,0.10590000000000001,0.1062,0.10540000000000001,0.10640000000000001,0.10590000000000001,0.1087,0.1067,0.1067,0.1477,0.10490000000000001,0.1052,0.1047,0.1072,0.10640000000000001,0.1057,0.1095,0.1062,0.1041,0.1062,0.10160000000000001,0.10490000000000001,0.10540000000000001,0.1121,0.1072,0.10640000000000001,0.1067,0.1628,0.1067,0.1052,0.10490000000000001,0.1095,0.1034,0.1052,0.1052,0.1095,0.1067,0.11,0.10980000000000001,0.108,0.1057,0.10360000000000001,0.1047,0.10490000000000001,0.10490000000000001,0.1492,0.10640000000000001,0.1085,0.10590000000000001,0.1067,0.1072,0.1057,0.10640000000000001,0.1072,0.10540000000000001,0.10590000000000001,0.1044,0.1041,0.1052,0.1085,0.10700000000000001,0.108,0.10590000000000001,0.15330000000000002,0.1072],