{"10":[4.50725,1.78775,1.5282499999999999,1.56625,1.5945,1.5355,1.4977500000000001,1.4860000000000002,1.4825,1.49375,1.4965000000000002,1.4765000000000001,1.45975,1.5179999999999998,1.5422500000000001,1.51925,1.5027499999999998,1.4765000000000001,1.48225,1.49525,1.496,1.515,1.51575,1.50725,1.5035,1.5185,1.5819999999999999,1.6225,1.65775,1.6727500000000002,1.6245000000000003,1.5655000000000001,1.5542500000000001,1.5637500000000002,1.58375,1.5812499999999998,1.5175,1.4849999999999999,1.51725,1.5037500000000001,1.47125,1.466,1.4635,1.48475,1.5085,1.50325,1.4739999999999998,1.5265,1.554,1.891,1.8780000000000001,1.479,1.4665,1.47025,6.41275,6.49475,1.5547499999999999,1.46275,1.4577499999999999,1.584,1.631,1.5585,1.53925,1.61175,1.623,1.5165,1.505,4.6025,4.59575,1.5259999999999998,1.5510000000000002,1.55625,1.53525,1.47725,1.4535,1.465,1.47075,1.4715,1.4845000000000002,1.4837500000000001,1.49725,1.5074999999999998,1.49475,1.4849999999999999,1.47975,1.4885000000000002,1.4849999999999999,1.5019999999999998,1.4975,1.47075,1.48275,1.48325,1.46475,1.4685,1.4815,1.4875,1.49125,1.4785,1.467,1.46875],"100":[2.995,1.8735,1.4775,1.47275,1.479,1.8635000000000002,1.863,1.4905,1.4809999999999999,1.45825,1.4657499999999999,1.5065,1.527,1.52325,1.5110000000000001,1.47775,1.496,1.53275,1.5165000000000002,1.49075,1.4815,1.47325,1.4905,1.498,1.47675,1.46625,1.464,1.50625,1.5425,1.502,1.4665,2.274,2.29625,1.504,1.47775,1.48,1.48,1.46725,1.514,1.5277500000000002,1.4849999999999999,1.4745,1.4947499999999998,3.93725,3.93075,1.53775,1.5434999999999999,1.53875,1.54275,1.5105,1.501,1.509,1.4975,1.48575,1.492,1.4795,1.4852500000000002,1.5305,1.55825,1.52225,1.485,1.502,1.54375,1.52275,1.48075,1.47925,1.47825,1.4722499999999998,1.9022499999999998,1.97125,1.581,1.525,1.47675,1.48225,1.6147500000000001,1.61225,1.48625,1.48,1.47725,1.4842499999999998,1.495,1.47375,1.46825,1.48325,1.47825,1.4889999999999999,1.4852499999999997,1.46975,1.476,1.47825,1.5330000000000001,2.02525,2.00625,1.54,1.52125,1.50425,1.4882500000000003,1.52075,1.51375,1.47025],"500":[7.7345,1.5310000000000001,1.486,1.48075,1.4805,1.51375,1.52075,1.48525,1.5465,1.54325,1.4695,1.48725,1.49525,1.535,1.5325,1.50975,1.5462500000000001,1.5202499999999999,1.4749999999999999,1.4765000000000001,1.47625,1.47075,1.487,1.4925000000000002,1.49925,1.49725,1.49025,1.4917500000000001,1.5042499999999999,1.49325,1.4617499999999999,1.466,1.5175,1.5474999999999999,1.53775,1.513,1.4845000000000002,1.48075,1.5055,1.5214999999999999,1.5162499999999999,1.54775,1.54325,1.4985,1.4855,4.397,4.49225,1.619,1.5139999999999998,1.48175,1.4842499999999998,1.53275,1.57375,1.51925,1.47425,1.487,1.49225,1.5,1.5385,1.52975,1.48725,1.48175,1.47425,1.487,1.495,1.4785,1.472,1.4705,1.5225,1.5535,1.5065,1.48,1.5190000000000001,1.5145,1.4885,1.49725,1.4795,1.47275,1.4695,1.4962499999999999,1.85325,1.81875,1.4997500000000001,1.5110000000000001,1.48125,1.48325,1.5115,1.53925,1.5197500000000002,1.491,1.48425,1.487,1.5242499999999999,1.5139999999999998,1.48125,1.49025,1.4775,1.46875,1.4835,1.48625],"1000":[7.962999999999999,1.5707499999999999,1.5574999999999999,1.5505,1.5045000000000002,1.4965,1.50125,1.4889999999999999,1.496,1.4885,1.4595,1.4700000000000002,1.47675,1.4769999999999999,1.512,1.51375,1.4842499999999998,1.4762499999999998,1.4809999999999999,3.90975,3.9092499999999997,1.4785,1.4757500000000001,1.4565000000000001,1.4537499999999999,1.5025,1.49975,1.5310000000000001,1.536,1.4825000000000002,1.45675,1.47875,1.51375,1.48325,1.48325,1.52725,1.52875,1.49325,1.49,1.4667499999999998,1.45325,1.46675,1.4660000000000002,1.48575,1.5165,1.4975,1.463,1.46475,1.47025,1.478,1.5015,1.48875,1.463,1.47175,1.47825,1.498,1.5052500000000002,1.5085000000000002,1.50725,1.48275,1.5010000000000001,1.4957500000000001,1.46625,1.4855,1.48325,1.50625,4.2415,4.2165,1.4962499999999999,1.47625,1.476,1.4729999999999999,1.4969999999999999,1.5,1.47825,1.4605000000000001,1.4852500000000002,1.5172500000000002,1.4945,1.49125,1.491,1.5425,1.58175,1.6355,1.59875,1.49625,3.897,3.885,1.4729999999999999,4.554,4.95475,1.88375,1.479,1.48975,1.59175,1.5902500000000002,1.4972500000000002,1.482,1.4794999999999998,1.47725],"5000":[32.13875,1.5917499999999998,1.5439999999999998,1.50375,1.4914999999999998,1.5,1.505,1.5059999999999998,1.50375,1.5055,1.512,1.5147499999999998,1.5070000000000001,1.4972500000000002,1.5375,1.53,1.4665,1.469,1.4645000000000001,1.4475,1.874,1.89975,1.484,1.4682499999999998,1.46275,1.4682499999999998,1.4739999999999998,1.468,1.4695,1.4775,1.441,1.46825,1.5070000000000001,1.47425,1.421,1.4220000000000002,1.474,1.4889999999999999,1.415,1.40625,1.50075,1.5034999999999998,1.47675,1.4885000000000002,1.49125,1.47275,1.4457499999999999,1.4442499999999998,1.488,3.86725,3.85425,1.4885000000000002,1.48275,1.48175,1.4779999999999998,1.46225,1.4340000000000002,1.4395,1.46275,1.4575,1.4725000000000001,1.47475,1.4605000000000001,1.4555000000000002,1.49075,1.496,1.48525,1.4794999999999998,1.44625,1.4485,1.47425,1.4540000000000002,1.462,1.5605,1.54175,1.4460000000000002,1.44025,1.46275,1.47525,1.4627500000000002,1.45775,1.492,1.5027500000000003,1.5140000000000002,1.5317500000000002,1.4849999999999999,4.02475,4.03475,1.467,1.4882499999999999,1.4849999999999999,1.536,1.5307499999999998,1.48275,1.4835,1.51875,1.55775,1.5234999999999999,1.49725,1.4837500000000001],"10000":[92.68225,1.59875,1.509,1.4985,1.55675,1.573,1.523,1.495,1.46125,1.459,1.46625,1.471,1.85925,1.8672499999999999,1.48875,1.51425,1.5165000000000002,1.48275,1.4825,1.4869999999999999,1.48575,1.4860000000000002,1.51325,1.55125,1.55675,1.54925,1.5230000000000001,1.50475,1.4865,1.4837500000000001,1.48475,1.472,1.47675,1.491,1.49725,1.5085,1.5132500000000002,1.49425,1.478,4.31875,4.524749999999999,1.75775,1.61875,1.5705,1.547,1.5274999999999999,1.5,1.502,1.502,1.499,1.502,1.9154999999999998,1.92,1.54675,1.55375,1.5162499999999999,1.514,1.53125,1.5590000000000002,1.55175,1.5172499999999998,1.5305,1.5285000000000002,1.512,1.59625,1.57425,1.5172499999999998,1.5394999999999999,1.5175,1.53875,1.54125,1.505,1.4772500000000002,1.473,1.48025,1.4985,1.5027499999999998,1.48275,1.4740000000000002,1.46775,1.44625,1.464,1.4849999999999999,1.5105,1.5415,1.51275,1.48175,1.49475,1.5162499999999999,1.50775,1.50475,1.5107500000000003,1.4977500000000001,1.4995,1.49575,1.51275,1.518,1.48225,1.48475,1.4855],"25000":[134.35649999999998,1.879,1.53375,1.918,1.8852499999999999,1.47525,1.4874999999999998,1.47675,1.5005000000000002,4.2379999999999995,4.226,1.4815,1.46625,1.4705,1.4865,1.55875,1.602,1.55625,1.5045,1.48325,1.49125,1.4805,1.47225,1.481,1.46975,1.47075,1.49425,1.489,1.47025,1.46075,1.464,1.47125,1.4892499999999997,1.4754999999999998,1.4775,1.53475,1.517,1.50875,1.49775,1.459,1.45575,1.45975,1.47075,1.499,1.4997500000000001,1.4775,1.47725,1.46875,1.5077500000000001,1.5747499999999999,1.5804999999999998,1.5439999999999998,1.5244999999999997,1.50175,1.4849999999999999,1.61375,1.67,1.548,1.488,1.47825,1.48,1.4995,1.5037500000000001,1.4889999999999999,1.4855,1.4809999999999999,1.5195,1.5255,1.48475,1.4715,1.46575,1.4747500000000002,1.512,1.5147499999999998,1.47425,1.541,1.5575,1.48875,1.5,1.488,1.47675,1.47525,1.4615,1.46875,1.4889999999999999,4.60725,4.600499999999999,1.5125,1.51525,1.4905,1.49275,1.519,1.5107499999999998,1.48875,1.5165,1.5114999999999998,1.51575,1.54075,1.4987499999999998,1.47275],